{"0":{"City":"Abita Springs","Aroma":3.2197345693,"Appearance":3.3911331184,"Palate":3.2381851681,"Taste":3.2543182865,"ABV(%)":4.4703030303,"Avg Overall Score":3.3770235491,"Quantity":2},"1":{"City":"Alexandria","Aroma":3.4014502307,"Appearance":3.6575477917,"Palate":3.6811140409,"Taste":3.5265326302,"ABV(%)":5.65,"Avg Overall Score":3.5827669743,"Quantity":2},"2":{"City":"Bloomfield","Aroma":4.1393762183,"Appearance":4.2368421053,"Palate":4.2602339181,"Taste":4.2992202729,"ABV(%)":8.0,"Avg Overall Score":4.2350097466,"Quantity":1},"3":{"City":"Blue Lake","Aroma":3.7267668247,"Appearance":3.8032459944,"Palate":3.7703405395,"Taste":3.8340803103,"ABV(%)":6.8,"Avg Overall Score":3.8419118381,"Quantity":6},"4":{"City":"Boonville","Aroma":3.9233104067,"Appearance":3.9927631579,"Palate":3.9282446172,"Taste":4.055173445,"ABV(%)":6.1633333333,"Avg Overall Score":3.9553513756,"Quantity":2},"5":{"City":"Boston","Aroma":3.8289766517,"Appearance":3.8828865868,"Palate":3.7930924972,"Taste":3.8322804754,"ABV(%)":7.95,"Avg Overall Score":3.8716402919,"Quantity":2},"6":{"City":"Boulder","Aroma":3.840932309,"Appearance":3.8564870381,"Palate":3.743884369,"Taste":3.7871358355,"ABV(%)":7.2736363636,"Avg Overall Score":3.8039340172,"Quantity":6},"7":{"City":"Bridgewaters Corners","Aroma":3.5284974093,"Appearance":3.5129533679,"Palate":3.4481865285,"Taste":3.4663212435,"ABV(%)":4.7258823529,"Avg Overall Score":3.5381088083,"Quantity":1},"8":{"City":"Brimfield","Aroma":3.59375,"Appearance":3.78125,"Palate":3.53125,"Taste":3.59375,"ABV(%)":8.7,"Avg Overall Score":4.000625,"Quantity":1},"9":{"City":"Brooklyn","Aroma":3.8505567551,"Appearance":3.956294928,"Palate":3.9305551798,"Taste":3.9369419388,"ABV(%)":6.775,"Avg Overall Score":3.9933601752,"Quantity":4},"10":{"City":"Cambridge","Aroma":3.890480937,"Appearance":3.970063662,"Palate":3.9080593642,"Taste":3.9937295236,"ABV(%)":7.36722571,"Avg Overall Score":4.0567261624,"Quantity":5},"11":{"City":"Canton","Aroma":3.228978671,"Appearance":3.6667350287,"Palate":3.4154019688,"Taste":3.3257793273,"ABV(%)":6.675,"Avg Overall Score":3.3244872847,"Quantity":2},"12":{"City":"Charlotte","Aroma":3.713262754,"Appearance":3.9289923596,"Palate":3.9531726454,"Taste":3.8829016343,"ABV(%)":4.9419191919,"Avg Overall Score":4.0467506081,"Quantity":3},"13":{"City":"Chicago","Aroma":4.0460844123,"Appearance":3.9927352832,"Palate":4.0161582295,"Taste":4.0848169937,"ABV(%)":9.3206756757,"Avg Overall Score":4.0400613238,"Quantity":3},"14":{"City":"Chico","Aroma":3.8357742123,"Appearance":3.9715247932,"Palate":3.9282462675,"Taste":4.0009847246,"ABV(%)":5.65,"Avg Overall Score":4.0692772641,"Quantity":4},"15":{"City":"Clifton Park","Aroma":3.9909972299,"Appearance":4.1648199446,"Palate":4.0602493075,"Taste":4.0706371191,"ABV(%)":10.0,"Avg Overall Score":3.9659418283,"Quantity":1},"16":{"City":"Conway","Aroma":3.500805153,"Appearance":3.7687198068,"Palate":3.6357353731,"Taste":3.6517042405,"ABV(%)":5.125,"Avg Overall Score":3.6968773484,"Quantity":2},"17":{"City":"Cooperstown","Aroma":3.9623412557,"Appearance":4.1041238246,"Palate":3.9642700266,"Taste":4.0407920156,"ABV(%)":6.95,"Avg Overall Score":4.0656266527,"Quantity":4},"18":{"City":"Denver","Aroma":3.9258876699,"Appearance":3.961974697,"Palate":3.9177637205,"Taste":3.9742649444,"ABV(%)":7.2,"Avg Overall Score":3.9927599605,"Quantity":2},"19":{"City":"Downingtown","Aroma":3.9388083736,"Appearance":3.9527643586,"Palate":4.0118089104,"Taste":4.1247987118,"ABV(%)":5.3,"Avg Overall Score":4.1610413312,"Quantity":1},"20":{"City":"Easton","Aroma":3.8854791854,"Appearance":3.8834971319,"Palate":3.8644164095,"Taste":3.8906940194,"ABV(%)":9.8,"Avg Overall Score":3.8242912667,"Quantity":3},"21":{"City":"Everett","Aroma":3.625,"Appearance":3.625,"Palate":3.625,"Taste":3.625,"ABV(%)":6.0,"Avg Overall Score":3.75,"Quantity":1},"22":{"City":"Farmville","Aroma":3.945073847,"Appearance":3.9774320375,"Palate":3.872190321,"Taste":3.8676896614,"ABV(%)":9.5,"Avg Overall Score":3.7962131735,"Quantity":2},"23":{"City":"Fort Bragg","Aroma":3.9550435736,"Appearance":3.8672093566,"Palate":3.9027997097,"Taste":3.9939153552,"ABV(%)":9.6333333333,"Avg Overall Score":3.9178997342,"Quantity":3},"24":{"City":"Framingham","Aroma":4.4545454545,"Appearance":4.1363636364,"Palate":4.0681818182,"Taste":4.2727272727,"ABV(%)":6.7,"Avg Overall Score":4.3554545455,"Quantity":1},"25":{"City":"Frederick","Aroma":4.0570621469,"Appearance":4.0802259887,"Palate":3.9649717514,"Taste":4.0514124294,"ABV(%)":8.3,"Avg Overall Score":3.9603107345,"Quantity":1},"26":{"City":"Greenfield","Aroma":3.895,"Appearance":3.945,"Palate":3.87,"Taste":3.83,"ABV(%)":9.2,"Avg Overall Score":3.81,"Quantity":1},"27":{"City":"Healdsburg","Aroma":4.1811702249,"Appearance":4.1913103302,"Palate":4.1663109468,"Taste":4.2980362406,"ABV(%)":7.5,"Avg Overall Score":4.2347669521,"Quantity":2},"28":{"City":"Holyoke","Aroma":3.4659090909,"Appearance":3.5909090909,"Palate":3.5,"Taste":3.4318181818,"ABV(%)":5.0090909091,"Avg Overall Score":3.5184090909,"Quantity":1},"29":{"City":"Hyannis","Aroma":3.858974359,"Appearance":4.0384615385,"Palate":3.9487179487,"Taste":4.0512820513,"ABV(%)":6.5,"Avg Overall Score":3.9078205128,"Quantity":1},"30":{"City":"Ipswich","Aroma":3.8439384405,"Appearance":3.9679975444,"Palate":3.8691690273,"Taste":3.9217049796,"ABV(%)":5.98,"Avg Overall Score":3.9127181398,"Quantity":5},"31":{"City":"Ithaca","Aroma":4.0529046474,"Appearance":4.0567963287,"Palate":3.9792030886,"Taste":4.0549497378,"ABV(%)":7.4684848485,"Avg Overall Score":4.1034793852,"Quantity":2},"32":{"City":"Jamaica Plain","Aroma":3.4958188231,"Appearance":3.7031261501,"Palate":3.59556744,"Taste":3.6141904705,"ABV(%)":5.1,"Avg Overall Score":3.6876531717,"Quantity":2},"33":{"City":"Kailua Kona","Aroma":3.257246566,"Appearance":3.2965330731,"Palate":3.3943094871,"Taste":3.3976128767,"ABV(%)":5.0,"Avg Overall Score":3.462338258,"Quantity":2},"34":{"City":"Lewiston","Aroma":3.404009434,"Appearance":3.8382075472,"Palate":3.5294811321,"Taste":3.4919811321,"ABV(%)":5.2,"Avg Overall Score":3.6214858491,"Quantity":2},"35":{"City":"Longmont","Aroma":3.6996113885,"Appearance":3.8215207289,"Palate":3.7578543319,"Taste":3.7713471773,"ABV(%)":6.5377712855,"Avg Overall Score":3.8110449159,"Quantity":8},"36":{"City":"Middlebury","Aroma":3.4468046478,"Appearance":3.6255991285,"Palate":3.6136165577,"Taste":3.6309368192,"ABV(%)":5.2,"Avg Overall Score":3.6963888889,"Quantity":2},"37":{"City":"Millers Falls","Aroma":3.8193014706,"Appearance":4.0256944444,"Palate":4.0234068627,"Taste":3.9966911765,"ABV(%)":8.1375,"Avg Overall Score":3.9944301471,"Quantity":4},"38":{"City":"Milton","Aroma":3.9239011973,"Appearance":3.8890204926,"Palate":3.8065612966,"Taste":3.932591943,"ABV(%)":8.6666666667,"Avg Overall Score":3.7980148986,"Quantity":3},"39":{"City":"Nantucket","Aroma":3.6337911553,"Appearance":3.7810637054,"Palate":3.6108903176,"Taste":3.6591536556,"ABV(%)":7.95,"Avg Overall Score":3.6447435362,"Quantity":3},"40":{"City":"Newport","Aroma":3.4296296296,"Appearance":3.4398148148,"Palate":3.2194444444,"Taste":3.1981481481,"ABV(%)":4.85,"Avg Overall Score":3.2711111111,"Quantity":2},"41":{"City":"North Hampton","Aroma":4.0,"Appearance":4.0,"Palate":4.0,"Taste":4.0,"ABV(%)":4.8,"Avg Overall Score":3.94,"Quantity":1},"42":{"City":"Petaluma","Aroma":4.2441558442,"Appearance":4.0711038961,"Palate":4.0548701299,"Taste":4.1733766234,"ABV(%)":8.0,"Avg Overall Score":4.1848701299,"Quantity":1},"43":{"City":"Plymouth","Aroma":3.6996308144,"Appearance":3.8728382665,"Palate":3.806752285,"Taste":3.8644804716,"ABV(%)":5.525,"Avg Overall Score":3.9347211768,"Quantity":4},"44":{"City":"Portland","Aroma":3.8110169845,"Appearance":3.9030498877,"Palate":3.8057542287,"Taste":3.9031579128,"ABV(%)":6.1444444444,"Avg Overall Score":3.9190085098,"Quantity":9},"45":{"City":"Portsmouth","Aroma":4.0034280523,"Appearance":4.0605776117,"Palate":3.9896962343,"Taste":4.0965508344,"ABV(%)":7.3,"Avg Overall Score":4.0572287994,