{"0":{"brewery_name":"Abita Brewing Co.","Aroma":3.2197345693,"Appearance":3.3911331184,"Palate":3.2381851681,"Taste":3.2543182865,"ABV(%)":4.4703030303,"Avg Overall Score":3.3770235491,"Quantity":2},"1":{"brewery_name":"Allagash Brewing Company","Aroma":4.1289077698,"Appearance":4.0518174656,"Palate":4.0689926854,"Taste":4.1913323866,"ABV(%)":7.35,"Avg Overall Score":4.1924360702,"Quantity":2},"2":{"brewery_name":"Anderson Valley Brewing Company","Aroma":3.9233104067,"Appearance":3.9927631579,"Palate":3.9282446172,"Taste":4.055173445,"ABV(%)":6.1633333333,"Avg Overall Score":3.9553513756,"Quantity":2},"3":{"brewery_name":"Avery Brewing Company","Aroma":3.7677636322,"Appearance":3.8260957397,"Palate":3.7102143403,"Taste":3.7374497739,"ABV(%)":7.0306060606,"Avg Overall Score":3.7819358374,"Quantity":3},"4":{"brewery_name":"Ballast Point Brewing Company","Aroma":4.1122522927,"Appearance":4.1714374,"Palate":4.085077333,"Taste":4.1640224218,"ABV(%)":8.2,"Avg Overall Score":4.1276730353,"Quantity":3},"5":{"brewery_name":"Baxter Brewing Co.","Aroma":3.404009434,"Appearance":3.8382075472,"Palate":3.5294811321,"Taste":3.4919811321,"ABV(%)":5.2,"Avg Overall Score":3.6214858491,"Quantity":2},"6":{"brewery_name":"Bear Republic Brewing Co.","Aroma":4.1811702249,"Appearance":4.1913103302,"Palate":4.1663109468,"Taste":4.2980362406,"ABV(%)":7.5,"Avg Overall Score":4.2347669521,"Quantity":2},"7":{"brewery_name":"Berkshire Brewing Company Inc.","Aroma":3.6698655316,"Appearance":3.8231511081,"Palate":3.8208733905,"Taste":3.8310308131,"ABV(%)":5.9333333333,"Avg Overall Score":3.8940055473,"Quantity":3},"8":{"brewery_name":"Blue Hills Brewery","Aroma":3.228978671,"Appearance":3.6667350287,"Palate":3.4154019688,"Taste":3.3257793273,"ABV(%)":6.675,"Avg Overall Score":3.3244872847,"Quantity":2},"9":{"brewery_name":"Boston Beer Company (Samuel Adams)","Aroma":3.4958188231,"Appearance":3.7031261501,"Palate":3.59556744,"Taste":3.6141904705,"ABV(%)":5.1,"Avg Overall Score":3.6876531717,"Quantity":2},"10":{"brewery_name":"Boulder Beer \/ Wilderness Pub","Aroma":3.9141009858,"Appearance":3.8868783364,"Palate":3.7775543977,"Taste":3.8368218971,"ABV(%)":7.5166666667,"Avg Overall Score":3.825932197,"Quantity":3},"11":{"brewery_name":"Brewery Ommegang","Aroma":3.9623412557,"Appearance":4.1041238246,"Palate":3.9642700266,"Taste":4.0407920156,"ABV(%)":6.95,"Avg Overall Score":4.0656266527,"Quantity":4},"12":{"brewery_name":"Brooklyn Brewery","Aroma":3.8648449043,"Appearance":3.9673675963,"Palate":3.9202274193,"Taste":3.9287430979,"ABV(%)":7.2,"Avg Overall Score":3.9861896353,"Quantity":3},"13":{"brewery_name":"Cambridge Brewing Company","Aroma":3.6215277778,"Appearance":3.5989583333,"Palate":3.5873842593,"Taste":3.6006944444,"ABV(%)":5.0361285501,"Avg Overall Score":3.9430555556,"Quantity":1},"14":{"brewery_name":"Cape Cod Beer","Aroma":3.858974359,"Appearance":4.0384615385,"Palate":3.9487179487,"Taste":4.0512820513,"ABV(%)":6.5,"Avg Overall Score":3.9078205128,"Quantity":1},"15":{"brewery_name":"Cisco Brewers Inc.","Aroma":3.6337911553,"Appearance":3.7810637054,"Palate":3.6108903176,"Taste":3.6591536556,"ABV(%)":7.95,"Avg Overall Score":3.6447435362,"Quantity":3},"16":{"brewery_name":"Clown Shoes","Aroma":4.0213903743,"Appearance":4.050802139,"Palate":3.9465240642,"Taste":3.9893048128,"ABV(%)":7.0,"Avg Overall Score":3.9586631016,"Quantity":1},"17":{"brewery_name":"Coastal Extreme Brewing Co.","Aroma":3.4296296296,"Appearance":3.4398148148,"Palate":3.2194444444,"Taste":3.1981481481,"ABV(%)":4.85,"Avg Overall Score":3.2711111111,"Quantity":2},"18":{"brewery_name":"D.L. Geary Brewing Company","Aroma":3.6798646641,"Appearance":3.7733784453,"Palate":3.8032431094,"Taste":3.8440625516,"ABV(%)":6.5,"Avg Overall Score":3.8332889091,"Quantity":2},"19":{"brewery_name":"DC Brau Brewing Co.","Aroma":3.8081396409,"Appearance":3.9014948501,"Palate":3.8516270167,"Taste":3.8313553915,"ABV(%)":6.5555555556,"Avg Overall Score":3.831725458,"Quantity":3},"20":{"brewery_name":"Dogfish Head Brewery","Aroma":3.9239011973,"Appearance":3.8890204926,"Palate":3.8065612966,"Taste":3.932591943,"ABV(%)":8.6666666667,"Avg Overall Score":3.7980148986,"Quantity":3},"21":{"brewery_name":"Element Brewing Company","Aroma":3.8193014706,"Appearance":4.0256944444,"Palate":4.0234068627,"Taste":3.9966911765,"ABV(%)":8.1375,"Avg Overall Score":3.9944301471,"Quantity":4},"22":{"brewery_name":"Flying Dog Brewery","Aroma":4.0570621469,"Appearance":4.0802259887,"Palate":3.9649717514,"Taste":4.0514124294,"ABV(%)":8.3,"Avg Overall Score":3.9603107345,"Quantity":1},"23":{"brewery_name":"Goose Island Beer Co.","Aroma":4.0460844123,"Appearance":3.9927352832,"Palate":4.0161582295,"Taste":4.0848169937,"ABV(%)":9.3206756757,"Avg Overall Score":4.0400613238,"Quantity":3},"24":{"brewery_name":"Great Divide Brewing Company","Aroma":3.9258876699,"Appearance":3.961974697,"Palate":3.9177637205,"Taste":3.9742649444,"ABV(%)":7.2,"Avg Overall Score":3.9927599605,"Quantity":2},"25":{"brewery_name":"Gritty McDuff's Brewing Company","Aroma":3.656420765,"Appearance":3.8763661202,"Palate":3.6454918033,"Taste":3.7943989071,"ABV(%)":4.55,"Avg Overall Score":3.8147677596,"Quantity":2},"26":{"brewery_name":"Harpoon Brewery & Beer Hall","Aroma":3.8289766517,"Appearance":3.8828865868,"Palate":3.7930924972,"Taste":3.8322804754,"ABV(%)":7.95,"Avg Overall Score":3.8716402919,"Quantity":2},"27":{"brewery_name":"High & Mighty Beer Co.","Aroma":3.4659090909,"Appearance":3.5909090909,"Palate":3.5,"Taste":3.4318181818,"ABV(%)":5.0090909091,"Avg Overall Score":3.5184090909,"Quantity":1},"28":{"brewery_name":"Idle Hands Craft Ales","Aroma":3.625,"Appearance":3.625,"Palate":3.625,"Taste":3.625,"ABV(%)":6.0,"Avg Overall Score":3.75,"Quantity":1},"29":{"brewery_name":"Ipswich Ale Brewery","Aroma":3.8615551549,"Appearance":3.9979103458,"Palate":3.9285615696,"Taste":3.9867097253,"ABV(%)":6.1333333333,"Avg Overall Score":3.9737637445,"Quantity":3},"30":{"brewery_name":"Ithaca Beer Company","Aroma":4.0529046474,"Appearance":4.0567963287,"Palate":3.9792030886,"Taste":4.0549497378,"ABV(%)":7.4684848485,"Avg Overall Score":4.1034793852,"Quantity":2},"31":{"brewery_name":"Jack's Abby Brewing","Aroma":4.4545454545,"Appearance":4.1363636364,"Palate":4.0681818182,"Taste":4.2727272727,"ABV(%)":6.7,"Avg Overall Score":4.3554545455,"Quantity":1},"32":{"brewery_name":"Kona Brewing Co.","Aroma":3.257246566,"Appearance":3.2965330731,"Palate":3.3943094871,"Taste":3.3976128767,"ABV(%)":5.0,"Avg Overall Score":3.462338258,"Quantity":2},"33":{"brewery_name":"Lagunitas Brewing Company","Aroma":4.2441558442,"Appearance":4.0711038961,"Palate":4.0548701299,"Taste":4.1733766234,"ABV(%)":8.0,"Avg Overall Score":4.1848701299,"Quantity":1},"34":{"brewery_name":"Left Hand Brewing Company","Aroma":3.5641675411,"Appearance":3.7195894122,"Palate":3.6253326698,"Taste":3.6027561575,"ABV(%)":5.950542571,"Avg Overall Score":3.6602720391,"Quantity":4},"35":{"brewery_name":"Long Trail Brewing Co.","Aroma":3.5284974093,"Appearance":3.5129533679,"Palate":3.4481865285,"Taste":3.4663212435,"ABV(%)":4.7258823529,"Avg Overall Score":3.5381088083,"Quantity":1},"36":{"brewery_name":"Mad River Brewing Company","Aroma":3.7267668247,"Appearance":3.8032459944,"Palate":3.7703405395,"Taste":3.8340803103,"ABV(%)":6.8,"Avg Overall Score":3.8419118381,"Quantity":6},"37":{"brewery_name":"Magic Hat Brewing Company","Aroma":3.4891168044,"Appearance":3.6254273867,"Palate":3.5120925056,"Taste":3.5505936057,"ABV(%)":5.2337931034,"Avg Overall Score":3.5722996211,"Quantity":3},"38":{"brewery_name":"Maine Beer Company","Aroma":4.3661202186,"Appearance":4.2868852459,"Palate":4.1284153005,"Taste":4.3114754098,"ABV(%)":7.0,"Avg Overall Score":4.352568306,"Quantity":1},"39":{"brewery_name":"Matt Brewing Company","Aroma":3.786360163,"Appearance":3.8282284768,"Palate":3.6149388691,"Taste":3.7512098828,"ABV(%)":5.75,"Avg Overall Score":3.7184609017,"Quantity":2},"40":{"brewery_name":"Mayflower Brewing Company","Aroma":3.6996308144,