{"0":{"State":" CA","Aroma":3.9218429764,"Appearance":3.9647983943,"Palate":3.9306019378,"Taste":4.0172395279,"ABV(%)":7.2488888889,"Avg Overall Score":4.0014478657,"Quantity":21},"1":{"State":" CO","Aroma":3.7808912688,"Appearance":3.8521898408,"Palate":3.7726042694,"Taste":3.802632645,"ABV(%)":6.8964992791,"Avg Overall Score":3.8310927094,"Quantity":16},"2":{"State":" CT","Aroma":4.1393762183,"Appearance":4.2368421053,"Palate":4.2602339181,"Taste":4.2992202729,"ABV(%)":8.0,"Avg Overall Score":4.2350097466,"Quantity":1},"3":{"State":" DC","Aroma":3.8081396409,"Appearance":3.9014948501,"Palate":3.8516270167,"Taste":3.8313553915,"ABV(%)":6.5555555556,"Avg Overall Score":3.831725458,"Quantity":3},"4":{"State":" DE","Aroma":3.9239011973,"Appearance":3.8890204926,"Palate":3.8065612966,"Taste":3.932591943,"ABV(%)":8.6666666667,"Avg Overall Score":3.7980148986,"Quantity":3},"5":{"State":" HI","Aroma":3.257246566,"Appearance":3.2965330731,"Palate":3.3943094871,"Taste":3.3976128767,"ABV(%)":5.0,"Avg Overall Score":3.462338258,"Quantity":2},"6":{"State":" IL","Aroma":4.0460844123,"Appearance":3.9927352832,"Palate":4.0161582295,"Taste":4.0848169937,"ABV(%)":9.3206756757,"Avg Overall Score":4.0400613238,"Quantity":3},"7":{"State":" LA","Aroma":3.2197345693,"Appearance":3.3911331184,"Palate":3.2381851681,"Taste":3.2543182865,"ABV(%)":4.4703030303,"Avg Overall Score":3.3770235491,"Quantity":2},"8":{"State":" MA","Aroma":3.7492725182,"Appearance":3.8764562192,"Palate":3.7857426858,"Taste":3.8190753485,"ABV(%)":6.7031719984,"Avg Overall Score":3.8604235016,"Quantity":43},"9":{"State":" MD","Aroma":4.0570621469,"Appearance":4.0802259887,"Palate":3.9649717514,"Taste":4.0514124294,"ABV(%)":8.3,"Avg Overall Score":3.9603107345,"Quantity":1},"10":{"State":" ME","Aroma":3.7346127552,"Appearance":3.883800063,"Palate":3.7549706146,"Taste":3.8305154563,"ABV(%)":5.92,"Avg Overall Score":3.8686357523,"Quantity":10},"11":{"State":" NC","Aroma":3.8059871912,"Appearance":3.9483682307,"Palate":3.9207797156,"Taste":3.8768168451,"ABV(%)":6.7651515152,"Avg Overall Score":3.9465356343,"Quantity":5},"12":{"State":" NH","Aroma":3.8353157438,"Appearance":3.9531954081,"Palate":3.8734265748,"Taste":3.9321768307,"ABV(%)":6.1583333333,"Avg Overall Score":3.9175735158,"Quantity":6},"13":{"State":" NY","Aroma":3.9166006583,"Appearance":4.0016656257,"Palate":3.8961125703,"Taste":3.9617757086,"ABV(%)":7.0097835498,"Avg Overall Score":3.9771056708,"Quantity":14},"14":{"State":" OR","Aroma":3.7610441767,"Appearance":3.9658634538,"Palate":3.7610441767,"Taste":3.8072289157,"ABV(%)":6.5,"Avg Overall Score":3.8276907631,"Quantity":1},"15":{"State":" PA","Aroma":3.8988114824,"Appearance":3.9008139386,"Palate":3.9012645347,"Taste":3.9492201925,"ABV(%)":8.675,"Avg Overall Score":3.9084787828,"Quantity":4},"16":{"State":" RI","Aroma":3.507522125,"Appearance":3.6990966232,"Palate":3.5774964553,"Taste":3.5780328442,"ABV(%)":5.1,"Avg Overall Score":3.6107521933,"Quantity":5},"17":{"State":" UT","Aroma":4.0289583333,"Appearance":4.100625,"Palate":3.9633333333,"Taste":4.0233333333,"ABV(%)":9.2,"Avg Overall Score":3.9671875,"Quantity":2},"18":{"State":" VA","Aroma":3.4014502307,"Appearance":3.6575477917,"Palate":3.6811140409,"Taste":3.5265326302,"ABV(%)":5.65,"Avg Overall Score":3.5827669743,"Quantity":2},"19":{"State":" VT","Aroma":3.4815761863,"Appearance":3.6067389642,"Palate":3.5352828601,"Taste":3.5633292832,"ABV(%)":5.1378769439,"Avg Overall Score":3.6079642416,"Quantity":6},"20":{"State":" WA","Aroma":3.5103757617,"Appearance":3.5256431957,"Palate":3.4791299932,"Taste":3.5018111036,"ABV(%)":6.7473933649,"Avg Overall Score":3.5938777928,"Quantity":2}}