{"0":{"Style":"Altbier","Aroma":3.6286992306,"Appearance":3.8984433709,"Palate":3.8110484881,"Taste":3.7795043836,"ABV(%)":4.9833333333,"Avg Overall Score":3.8685543031,"Quantity":3},"1":{"Style":"American Adjunct Lager","Aroma":3.1980769231,"Appearance":3.4519230769,"Palate":3.4403846154,"Taste":3.475,"ABV(%)":5.1,"Avg Overall Score":3.5953846154,"Quantity":1},"2":{"Style":"American Amber \/ Red Ale","Aroma":3.591346876,"Appearance":3.8433389212,"Palate":3.6866238769,"Taste":3.6975807096,"ABV(%)":5.9901960784,"Avg Overall Score":3.7358613313,"Quantity":6},"3":{"Style":"American Barleywine","Aroma":3.9433333333,"Appearance":4.0866666667,"Palate":3.8433333333,"Taste":3.88,"ABV(%)":11.1,"Avg Overall Score":3.8766666667,"Quantity":1},"4":{"Style":"American Black Ale","Aroma":3.7539229381,"Appearance":3.9266646295,"Palate":3.8151548222,"Taste":3.8611052907,"ABV(%)":7.0833333333,"Avg Overall Score":3.8469597229,"Quantity":3},"5":{"Style":"American Blonde Ale","Aroma":3.499656189,"Appearance":3.7217350376,"Palate":3.6526586185,"Taste":3.7113650671,"ABV(%)":4.7,"Avg Overall Score":3.7536033407,"Quantity":4},"6":{"Style":"American Dark Wheat Ale","Aroma":3.801980198,"Appearance":3.900990099,"Palate":3.9108910891,"Taste":3.9257425743,"ABV(%)":7.0,"Avg Overall Score":3.9204950495,"Quantity":1},"7":{"Style":"American Double \/ Imperial IPA","Aroma":4.0178389119,"Appearance":4.061897922,"Palate":3.9703654292,"Taste":4.0208707851,"ABV(%)":9.2642857143,"Avg Overall Score":3.989972024,"Quantity":14},"8":{"Style":"American Double \/ Imperial Pilsner","Aroma":3.6666666667,"Appearance":3.9444444444,"Palate":4.1666666667,"Taste":3.8333333333,"ABV(%)":8.8,"Avg Overall Score":3.97,"Quantity":1},"9":{"Style":"American Double \/ Imperial Stout","Aroma":4.435380117,"Appearance":4.2011695906,"Palate":4.3862573099,"Taste":4.4821637427,"ABV(%)":14.5,"Avg Overall Score":4.311374269,"Quantity":1},"10":{"Style":"American IPA","Aroma":3.868150979,"Appearance":3.9668998554,"Palate":3.8685937884,"Taste":3.9051158362,"ABV(%)":6.9291666667,"Avg Overall Score":3.9290660316,"Quantity":24},"11":{"Style":"American Pale Ale (APA)","Aroma":3.6186388886,"Appearance":3.7848932411,"Palate":3.6670919158,"Taste":3.7052293408,"ABV(%)":5.3759090909,"Avg Overall Score":3.7744002974,"Quantity":10},"12":{"Style":"American Pale Lager","Aroma":3.819885147,"Appearance":3.7389526961,"Palate":3.7691016157,"Taste":3.8563850496,"ABV(%)":5.65,"Avg Overall Score":3.9340441892,"Quantity":2},"13":{"Style":"American Pale Wheat Ale","Aroma":3.4792172417,"Appearance":3.5930357595,"Palate":3.5465482121,"Taste":3.5410159546,"ABV(%)":5.6342424242,"Avg Overall Score":3.5970092888,"Quantity":4},"14":{"Style":"American Porter","Aroma":4.1875963274,"Appearance":4.2402326121,"Palate":4.1495783946,"Taste":4.2760387396,"ABV(%)":7.85,"Avg Overall Score":4.2130090026,"Quantity":2},"15":{"Style":"American Stout","Aroma":4.0093984962,"Appearance":4.0526315789,"Palate":3.954887218,"Taste":4.0958646617,"ABV(%)":6.6,"Avg Overall Score":4.0484962406,"Quantity":1},"16":{"Style":"Belgian IPA","Aroma":4.0774328917,"Appearance":4.0436760426,"Palate":3.9063960411,"Taste":4.0392134397,"ABV(%)":7.1,"Avg Overall Score":3.9474784582,"Quantity":3},"17":{"Style":"Belgian Pale Ale","Aroma":3.6094152244,"Appearance":3.7309389636,"Palate":3.6513841072,"Taste":3.6379231801,"ABV(%)":6.1396212121,"Avg Overall Score":3.7066266458,"Quantity":4},"18":{"Style":"Belgian Strong Dark Ale","Aroma":3.8331226296,"Appearance":3.8261694058,"Palate":3.7313527181,"Taste":3.8242730721,"ABV(%)":9.4,"Avg Overall Score":3.7528887484,"Quantity":1},"19":{"Style":"Belgian Strong Pale Ale","Aroma":3.9661289277,"Appearance":3.9714055182,"Palate":3.9547354476,"Taste":4.0245631828,"ABV(%)":7.8666666667,"Avg Overall Score":4.0253911126,"Quantity":3},"20":{"Style":"Chile Beer","Aroma":4.0,"Appearance":4.0,"Palate":4.0,"Taste":4.0,"ABV(%)":4.8,"Avg Overall Score":3.94,"Quantity":1},"21":{"Style":"Cream Ale","Aroma":3.84375,"Appearance":3.875,"Palate":3.90625,"Taste":4.0625,"ABV(%)":5.3266666667,"Avg Overall Score":3.891875,"Quantity":1},"22":{"Style":"Czech Pilsener","Aroma":3.4566055951,"Appearance":3.6796698038,"Palate":3.6774513614,"Taste":3.6310813879,"ABV(%)":5.15,"Avg Overall Score":3.7747648312,"Quantity":2},"23":{"Style":"Doppelbock","Aroma":4.1393762183,"Appearance":4.2368421053,"Palate":4.2602339181,"Taste":4.2992202729,"ABV(%)":8.0,"Avg Overall Score":4.2350097466,"Quantity":1},"24":{"Style":"Dubbel","Aroma":4.0947606727,"Appearance":4.2535575679,"Palate":4.0510996119,"Taste":4.1607373868,"ABV(%)":8.5,"Avg Overall Score":4.1073156533,"Quantity":1},"25":{"Style":"English Barleywine","Aroma":3.7847925543,"Appearance":3.8723153774,"Palate":3.7338869073,"Taste":3.7651739984,"ABV(%)":11.9,"Avg Overall Score":3.7071884438,"Quantity":4},"26":{"Style":"English Bitter","Aroma":3.5860655738,"Appearance":3.75,"Palate":3.6270491803,"Taste":3.75,"ABV(%)":5.0,"Avg Overall Score":3.7723770492,"Quantity":1},"27":{"Style":"English Brown Ale","Aroma":3.920233463,"Appearance":4.0894941634,"Palate":3.9708171206,"Taste":4.0953307393,"ABV(%)":5.9,"Avg Overall Score":4.08307393,"Quantity":1},"28":{"Style":"English India Pale Ale (IPA)","Aroma":3.7499142449,"Appearance":3.8785875046,"Palate":3.7694727637,"Taste":3.8434437507,"ABV(%)":6.0544687791,"Avg Overall Score":3.8564370248,"Quantity":3},"29":{"Style":"English Pale Ale","Aroma":3.5247311103,"Appearance":3.7209593451,"Palate":3.6259902677,"Taste":3.620007666,"ABV(%)":5.25,"Avg Overall Score":3.6874938257,"Quantity":4},"30":{"Style":"English Porter","Aroma":3.9919062654,"Appearance":3.9796864309,"Palate":3.9186362175,"Taste":4.0859451728,"ABV(%)":6.0,"Avg Overall Score":4.0894756353,"Quantity":3},"31":{"Style":"English Strong Ale","Aroma":3.8152296535,"Appearance":3.9390410959,"Palate":3.839564867,"Taste":3.964101531,"ABV(%)":7.375,"Avg Overall Score":3.9212832393,"Quantity":2},"32":{"Style":"Extra Special \/ Strong Bitter (ESB)","Aroma":3.5651085142,"Appearance":3.7487479132,"Palate":3.674457429,"Taste":3.6886477462,"ABV(%)":5.3021702838,"Avg Overall Score":3.7811101836,"Quantity":1},"33":{"Style":"Fruit \/ Vegetable Beer","Aroma":3.5546122653,"Appearance":3.3936433501,"Palate":3.3204876579,"Taste":3.3931910256,"ABV(%)":4.8399393939,"Avg Overall Score":3.374445794,"Quantity":5},"34":{"Style":"German Pilsener","Aroma":3.648269552,"Appearance":3.7933906269,"Palate":3.842887703,"Taste":3.8444242378,"ABV(%)":5.15,"Avg Overall Score":3.9072514115,"Quantity":4},"35":{"Style":"Hefeweizen","Aroma":3.7830949369,"Appearance":3.8349835741,"Palate":3.8064247447,"Taste":3.8512776826,"ABV(%)":4.918064275,"Avg Overall Score":4.05800672,"Quantity":2},"36":{"Style":"Herbed \/ Spiced Beer","Aroma":3.4793650794,"Appearance":3.4619047619,"Palate":3.3206349206,"Taste":3.3444444444,"ABV(%)":4.0,"Avg Overall Score":3.3704761905,"Quantity":1},"37":{"Style":"Irish Dry Stout","Aroma":3.7267759563,"Appearance":4.0027322404,"Palate":3.6639344262,"Taste":3.8387978142,"ABV(%)":4.1,"Avg Overall Score":3.8571584699,"Quantity":1},"38":{"Style":"Kristalweizen","Aroma":3.8076923077,"Appearance":3.9230769231,"Palate":3.9615384615,"Taste":3.9615384615,"ABV(%)":5.5,"Avg Overall Score":4.0148717949,"Quantity":1},"39":{"Style":"K\u00c3\u00b6lsch","Aroma":3.3180779992,"Appearance":3.4492662594,"Palate":3.464026723,"Taste":3.4555116199,"ABV(%)":5.4973933649,"Avg Overall Score":3.548404471,"Quantity":2},"40":{"Style":"Maibock \/ Helles Bock","Aroma":3.7075471698,"Appearance":4.1509433962,"Palate":4.0471698113,"Taste":4.0188679245,"ABV(%)":6.5,"Avg Overall Score":3.9674528302,"Quantity":1},"41":{"Style":"Munich Dunkel Lager","Aroma":3.5141843972,"Appearance":3.6879432624,"Palate":3.6843971631,"Taste":3.6595744681,"ABV(%)":5.2257575758,"Avg Overall Score":3.9673049645,"Quantity":1},"42":{"Style":"Munich Helles Lager","Aroma":3.6810344828,"Appearance":3.9482758621,"Palate":3.8275862069,"Taste":3.7844827586,"ABV(%)":6.25,"Avg Overall Score":3.7810344828,"Quantity":1},